year,item_category,avg_check
2015,Budget,321.28767123287776
2015,Premium,955.39726027397251
2016,Budget,319.87047156445857
2016,Premium,963.83727990285445
2017,Budget,319.99269406392767
2017,Premium,958.90410958903851